"","file.uid","file.name","probe.uid","extraction.data.aaaammjj","tz_orig","probe.brand"
"1","10279769_20250106","connectivite/data/raw/10279769_INK_20250106_hobo.csv","10279769","20250106",NA,NA
"2","10279777_20250106","connectivite/data/raw/10279777_INK_20250106_hobo.csv","10279777","20250106",NA,NA
"3","20573974_20250106","connectivite/data/raw/20573974_INK_20250106_hobo.csv","20573974","20250106",NA,NA
"4","20853328_20250106","connectivite/data/raw/20853328_INK_20250106_hobo.csv","20853328","20250106",NA,NA
"5","22063137_20251202","connectivite/data/raw/22063137_INK_20251202_hobo.csv","22063137","20251202",NA,NA
"6","22063138_20251202","connectivite/data/raw/22063138_INK_20251202_hobo.csv","22063138","20251202",NA,NA
"7","22063139_20250522","connectivite/data/raw/22063139_INK_20250522_hobo.csv","22063139","20250522",NA,NA
"8","22063139_20251210","connectivite/data/raw/22063139_INK_20251210_hobo.csv","22063139","20251210",NA,NA
"9","22063140_20251202","connectivite/data/raw/22063140_INK_20251202_hobo.csv","22063140","20251202",NA,NA
"10","22063141_20251210","connectivite/data/raw/22063141_BRNTC_20251210_hobo.csv","22063141","20251210",NA,NA
"11","22063142_20251210","connectivite/data/raw/22063142_INK_20251210_hobo.csv","22063142","20251210",NA,NA
"12","22063143_20251202","connectivite/data/raw/22063143_INK_20251202_hobo.csv","22063143","20251202",NA,NA
"13","22063155_20251210","connectivite/data/raw/22063155_INK_20251210_hobo.csv","22063155","20251210",NA,NA
"14","22063159_20251210","connectivite/data/raw/22063159_INK_20251210_hobo.csv","22063159","20251210",NA,NA
"15","22195240_20251210","connectivite/data/raw/22195240_INK_20251210_hobo.csv","22195240","20251210",NA,NA
"16","22195241_20250721","connectivite/data/raw/22195241_INK_20250721_hobo.csv","22195241","20250721",NA,NA
"17","22195241_20251202","connectivite/data/raw/22195241_PRO_20251202_hobo.csv","22195241","20251202",NA,NA
"18","22195242_20251210","connectivite/data/raw/22195242_INK_20251210_hobo.csv","22195242","20251210",NA,NA
"19","22195243_20251210","connectivite/data/raw/22195243_INK_20251210_hobo.csv","22195243","20251210",NA,NA
"20","22195244_20250721","connectivite/data/raw/22195244_INK_20250721_hobo.csv","22195244","20250721",NA,NA
"21","22195244_20251125","connectivite/data/raw/22195244_INK_20251125_hobo.csv","22195244","20251125",NA,NA
"22","22195245_20251210","connectivite/data/raw/22195245_INK_20251210_hobo.csv","22195245","20251210",NA,NA
"23","22195246_20250721","connectivite/data/raw/22195246_INK_20250721_hobo.csv","22195246","20250721",NA,NA
"24","22195246_20251210","connectivite/data/raw/22195246_INK_20251210_hobo.csv","22195246","20251210",NA,NA
"25","22195247_20251210","connectivite/data/raw/22195247_INK_20251210_hobo.csv","22195247","20251210",NA,NA
"26","22195248_20250721","connectivite/data/raw/22195248_INK_20250721_hobo.csv","22195248","20250721",NA,NA
"27","22195248_20251125","connectivite/data/raw/22195248_INK_20251125_hobo.csv","22195248","20251125",NA,NA
"28","22220781_20251210","connectivite/data/raw/22220781_PRO_20251210_hobo.csv","22220781","20251210",NA,NA
"29","22220782_20251202","connectivite/data/raw/22220782_INK_20251202_hobo.csv","22220782","20251202",NA,NA
"30","22220783_20251202","connectivite/data/raw/22220783_INK_20251202_hobo.csv","22220783","20251202",NA,NA
"31","22220784_20251210","connectivite/data/raw/22220784_INK_20251210_hobo.csv","22220784","20251210",NA,NA
"32","22220785_20250527","connectivite/data/raw/22220785_INK_20250527_hobo.csv","22220785","20250527",NA,NA
"33","22220785_20251210","connectivite/data/raw/22220785_INK_20251210_hobo.csv","22220785","20251210",NA,NA
"34","22220786_20251202","connectivite/data/raw/22220786_INK_20251202_hobo.csv","22220786","20251202",NA,NA
"35","22220787_20251128","connectivite/data/raw/22220787_STH_20251128_hobo.csv","22220787","20251128",NA,NA
"36","22220788_20250721","connectivite/data/raw/22220788_INK_20250721_hobo.csv","22220788","20250721",NA,NA
"37","22220788_20251202","connectivite/data/raw/22220788_INK_20251202_hobo.csv","22220788","20251202",NA,NA
"38","22220789_20250721","connectivite/data/raw/22220789_INK_20250721_hobo.csv","22220789","20250721",NA,NA
"39","22220789_20251202","connectivite/data/raw/22220789_INK_20251202_hobo.csv","22220789","20251202",NA,NA
"40","22220790_20251210","connectivite/data/raw/22220790_INK_20251210_hobo.csv","22220790","20251210",NA,NA
"41","22220791_20251125","connectivite/data/raw/22220791_INK_20251125_hobo.csv","22220791","20251125",NA,NA
"42","22224381_20251125","connectivite/data/raw/22224381_BRNTC_20251125_hobo.csv","22224381","20251125",NA,NA
"43","22224384_20251202","connectivite/data/raw/22224384_BRNTC_20251202_hobo.csv","22224384","20251202",NA,NA
"44","22224386_20250721","connectivite/data/raw/22224386_INK_20250721_hobo.csv","22224386","20250721",NA,NA
"45","22224386_20251202","connectivite/data/raw/22224386_PRO_20251202_hobo.csv","22224386","20251202",NA,NA
"46","22224387_20251210","connectivite/data/raw/22224387_INK_20251210_hobo.csv","22224387","20251210",NA,NA
"47","22224388_20251210","connectivite/data/raw/22224388_INK_20251210_hobo.csv","22224388","20251210",NA,NA
"48","22224389_20251210","connectivite/data/raw/22224389_INK_20251210_hobo.csv","22224389","20251210",NA,NA
"49","22224390_20251202","connectivite/data/raw/22224390_INK_20251202_hobo.csv","22224390","20251202",NA,NA
"50","22224391_20251210","connectivite/data/raw/22224391_INK_20251210_hobo.csv","22224391","20251210",NA,NA
"51","22224392_20251210","connectivite/data/raw/22224392_INK_20251210_hobo.csv","22224392","20251210",NA,NA
"52","22224393_20251210","connectivite/data/raw/22224393_INK_20251210_hobo.csv","22224393","20251210",NA,NA
"53","22224394_20251210","connectivite/data/raw/22224394_INK_20251210_hobo.csv","22224394","20251210",NA,NA
"54","22224395_20251210","connectivite/data/raw/22224395_INK_20251210_hobo.csv","22224395","20251210",NA,NA
"55","22224396_20251202","connectivite/data/raw/22224396_PRO_20251202_hobo.csv","22224396","20251202",NA,NA
"56","22224397_20251202","connectivite/data/raw/22224397_INK_20251202_hobo.csv","22224397","20251202",NA,NA
"57","22224399_20251210","connectivite/data/raw/22224399_INK_20251210_hobo.csv","22224399","20251210",NA,NA
"58","22224400_20251202","connectivite/data/raw/22224400_INK_20251202_hobo.csv","22224400","20251202",NA,NA
"59","22224402_20251210","connectivite/data/raw/22224402_BRNTC_20251210_hobo.csv","22224402","20251210",NA,NA
"60","22224403_20251202","connectivite/data/raw/22224403_INK_20251202_hobo.csv","22224403","20251202",NA,NA
"61","22224407_20251202","connectivite/data/raw/22224407_PRO_20251202_hobo.csv","22224407","20251202",NA,NA
"62","22224408_20251202","connectivite/data/raw/22224408_INK_20251202_hobo.csv","22224408","20251202",NA,NA
"63","22224409_20251210","connectivite/data/raw/22224409_INK_20251210_hobo.csv","22224409","20251210",NA,NA
"64","22224410_20251125","connectivite/data/raw/22224410_INK_20251125_hobo.csv","22224410","20251125",NA,NA
"65","22224411_20251202","connectivite/data/raw/22224411_INK_20251202_hobo.csv","22224411","20251202",NA,NA
"66","22224412_20251210","connectivite/data/raw/22224412_INK_20251210_hobo.csv","22224412","20251210",NA,NA
"67","22224413_20250721","connectivite/data/raw/22224413_INK_20250721_hobo.csv","22224413","20250721",NA,NA
"68","22224413_20251202","connectivite/data/raw/22224413_PRO_20251202_hobo.csv","22224413","20251202",NA,NA
"69","22224414_20251210","connectivite/data/raw/22224414_INK_20251210_hobo.csv","22224414","20251210",NA,NA
"70","41359_20241125","connectivite/data/raw/41359_STH_20241125_odyssey.CSV","41359","20241125",NA,NA
"71","41359_20251203","connectivite/data/raw/41359_STH_20251203_odyssey.CSV","41359","20251203",NA,NA
"72","41360_20251128","connectivite/data/raw/41360_STH_20251128_odyssey.CSV","41360","20251128",NA,NA
"73","41361_20241125","connectivite/data/raw/41361_STH_20241125_odyssey.CSV","41361","20241125",NA,NA
"74","41362_20241125","connectivite/data/raw/41362_STH_20241125_odyssey.CSV","41362","20241125",NA,NA
"75","41362_20251128","connectivite/data/raw/41362_STH_20251128_odyssey.CSV","41362","20251128",NA,NA
"76","41366_20241125","connectivite/data/raw/41366_STH_20241125_odyssey.CSV","41366","20241125",NA,NA
"77","41370_20241125","connectivite/data/raw/41370_STH_20241125_odyssey.CSV","41370","20241125",NA,NA
"78","41370_20251203","connectivite/data/raw/41370_STH_20251203_odyssey.CSV","41370","20251203",NA,NA
"79","41372_20241125","connectivite/data/raw/41372_STH_20241125_odyssey.CSV","41372","20241125",NA,NA
"80","41374_20251128","connectivite/data/raw/41374_STH_20251128_odyssey.CSV","41374","20251128",NA,NA
"81","41376_20241125","connectivite/data/raw/41376_STH_20241125_odyssey.CSV","41376","20241125",NA,NA
"82","41379_20241125","connectivite/data/raw/41379_STH_20241125_odyssey.CSV","41379","20241125",NA,NA
"83","41379_20251203","connectivite/data/raw/41379_STH_20251203_odyssey.CSV","41379","20251203",NA,NA
"84","41382_20251203","connectivite/data/raw/41382_STH_20251203_odyssey.CSV","41382","20251203",NA,NA
"85","41384_20251203","connectivite/data/raw/41384_STH_20251203_odyssey.CSV","41384","20251203",NA,NA
"86","41387_20241125","connectivite/data/raw/41387_STH_20241125_odyssey.CSV","41387","20241125",NA,NA
"87","41387_20251128","connectivite/data/raw/41387_STH_20251128_odyssey.CSV","41387","20251128",NA,NA
"88","42562_20251128","connectivite/data/raw/42562_STH_20251128_odyssey.CSV","42562","20251128",NA,NA
"89","42563_20251203","connectivite/data/raw/42563_STH_20251203_odyssey.CSV","42563","20251203",NA,NA
"90","42564_20241125","connectivite/data/raw/42564_STH_20241125_odyssey.CSV","42564","20241125",NA,NA
"91","42564_20251203","connectivite/data/raw/42564_STH_20251203_odyssey.CSV","42564","20251203",NA,NA
"92","42565_20241125","connectivite/data/raw/42565_STH_20241125_odyssey.CSV","42565","20241125",NA,NA
"93","42565_20251128","connectivite/data/raw/42565_STH_20251128_odyssey.CSV","42565","20251128",NA,NA
"94","42566_20241125","connectivite/data/raw/42566_STH_20241125_odyssey.csv","42566","20241125",NA,NA
"95","42566_20251128","connectivite/data/raw/42566_STH_20251128_odyssey.CSV","42566","20251128",NA,NA
