file.uid;lat.garmin.dms;long.garmin.dms;measure_status;site.uid;well.uid;trmnt.uid;lab.probe.id;probe.uid;probe.brand;cal.neg.length1_mm;cal.value1;cal.neg.length2_mm;cal.value2;cal.neg.length3_mm;cal.value3;long.fil.cm;comment;day.begining.aaaa.mm.dd.hh.mm;day.end.aaaa.mm.dd.hh.mm;out.mean.cm;out.1.a.cm;out.1.b.cm;out.1.c.cm;out.2.a.cm;out.2.b.cm;out.2.c.cm;in.bulleur1.prof.cm;in.bulleur1.rel.to.surface.cm;in.bulleur1.date.aaaammdd;in.bulleur1.time.tz.orig;in.bulleur1.obs;in.bulleur2.prof.cm;in.bulleur2.rel.to.surface.cm;in.bulleur2.date.aaaammdd;in.bulleur2.time.tz.orig;in.bulleur2.obs;in.bulleur3.prof.cm;in.bulleur3.rel.to.surface.cm;in.bulleur3.date.aaaammdd;in.bulleur3.time.tz.orig;in.bulleur3.obs;in.bulleur4.prof.cm;in.bulleur4.rel.to.surface.cm;in.bulleur4.date.aaaammdd;in.bulleur4.time.tz.orig;in.bulleur4.obs;in.bulleur.measure.status
22224384_20251202;47,16956;-65,19311;verified;BRNTC;BRNTC.ch1.C00keptChannels.2025;BRNTC.ch1.C00keptChannels;NA;22224384;HOBO U20L;;;NA;;;;103,8;bulleur 1 24/07/25 nappe pas accessible ;2025-07-20 09:00;2025-11-13 08:00;72,6;0;0;0;0;0;0;NA;NA;2025-07-24;07:00:01;"AP; nappe trop prof";98;-98;2025-11-13;06:26:00;AG;NA;NA;NA;NA;NA;NA;NA;NA;NA;NA;
22224407_20250717;47,17032;-65,19318;approved;BRNTC;BRNTC.ch1.pre1.2025;BRNTC.ch1.pre1;NA;22224407;HOBO U20L;;;NA;;;;105,5;out remesuré 17 juillet, moyenne des deux;2025-05-18 13:00;2025-07-17 10:00;33,7;0;0;0;0;0;0;81;-81;2025-07-17;09:00:01;AG;NA;NA;NA;NA;NA;NA;NA;NA;NA;NA;NA;NA;NA;NA;NA;
22195247_20250716;47,17319;-65,19276;approved;BRNTC;BRNTC.ch1.pre2.2025;BRNTC.ch1.pre2;NA;22195247;HOBO U20L;;;NA;;;;104,1;"""Out"" mesurés le 07-16 lors du retrait = 50,7;49,9;48,8 cm";2025-05-18 16:00;2025-07-16 14:00;45,5;0;0;0;0;0;0;94,5;-94,5;2025-07-16;13:00:01;"AG;AP";NA;NA;NA;NA;NA;NA;NA;NA;NA;NA;NA;NA;NA;NA;NA;
22224381_20251125;47,17157;-65,19262;verified;BRNTC;BRNTC.ch1.R24.2025;BRNTC.ch1.R24;NA;22224381;HOBO U20L;;;NA;;;;102;;2025-05-18 12:00;2025-11-13 08:00;55,7;0;0;0;0;0;0;81,4;-81,4;2025-07-18;15:00:01;AP;91,2;-91,2;2024-07-24;08:00:01;AP;70;-70;2025-11-13;06:19:00;AG;NA;NA;NA;NA;NA;
22224385_20251210;47,17358;-65,19203;verified;BRNTC;BRNTC.ch1.T1grProtec.2025;BRNTC.ch1.T1grProtec;NA;22224385;HOBO U20L;;;NA;;;;140;;2025-07-26 12:10;2025-11-13 08:00;74,3;0;0;0;0;0;0;101;-101;2025-11-13;06:48:00;AG;NA;NA;NA;NA;NA;NA;NA;NA;NA;NA;NA;NA;NA;NA;NA;
22224402_20251210;47,17335;-65,19267;verified;BRNTC;BRNTC.ch1.T2grRefrsh.2025;BRNTC.ch1.T2grRefrsh;NA;22224402;HOBO U20L;;;NA;;;;136,8;cap deplace depui lgtmps env 4cm  plus  haut (le out );2025-07-26 12:00;2025-11-13 08:00;67,2;0;0;0;0;0;0;80;-80;2025-11-13;06:42:00;AG;NA;NA;NA;NA;NA;NA;NA;NA;NA;NA;NA;NA;NA;NA;NA;
22063141_20251210;47,1703;-65,19299;verified;BRNTC;BRNTC.ch1.T3chippd.2025;BRNTC.ch1.T3chippd;NA;22063141;HOBO U20L;;;NA;;;;136,2;;2025-07-26 08:00;2025-11-13 08:00;82,2;0;0;0;0;0;0;93,5;-93,5;2025-11-13;06:32:00;AG;NA;NA;NA;NA;NA;NA;NA;NA;NA;NA;NA;NA;NA;NA;NA;
22224401_20251202;47,17922;-65,18117;verified;BRNTC;BRNTC.NA.barometricStation.2025;BRNTC.NA.barometricStation;NA;22224401;HOBO U20L;;;NA;;;;NA;;2025-07-23 09:00;2025-11-13 10:00;NA;NA;NA;NA;NA;NA;NA;NA;NA;NA;NA;NA;NA;NA;NA;NA;NA;NA;NA;NA;NA;NA;NA;NA;NA;NA;NA;
22195241_20251202;47,79696;-69,50703;verified;PRO;PRO.ch1.C0noChannels.2025;PRO.ch1.C0noChannels;NA;22195241;HOBO U20L;;;NA;;;;143,7;était écrit comme BRNTC, erreur, changé le 7 août pour PRO;2025-07-30 10:00;2025-11-12 10:00;60,9;0;0;0;0;0;0;138,5;-138,5;2025-10-07;12:31:00;AG;92,5;-92,5;2025-11-12;08:34:00;AG;NA;NA;NA;NA;NA;NA;NA;NA;NA;NA;
22224413_20251202;47,79792;-69,50775;verified;PRO;PRO.ch1.C00keptChannels.2025;PRO.ch1.C00keptChannels;NA;22224413;HOBO U20L;;;NA;;;;119,7;bulleur 1 17/09/25 nappe pas accessible  // était écrit comme BRNTC, erreur, changé le 7 août pour PRO;2025-07-30 10:00;2025-11-12 10:00;68,1;0;0;0;0;0;0;NA;NA;2025-09-17;14:15:00;"AP; nappe trop prof";NA;NA;2025-10-07;13:16:00;"AG; nappe trop prof";87,5;-87,5;2025-11-12;09:16:00;AG;NA;NA;NA;NA;NA;
22224396_20250728;47,79649;-69,50865;approved;PRO;PRO.ch1.pre.2025;PRO.ch1.pre;NA;22224396;HOBO U20L;;;NA;;;;135,6;"out 28/07: 84,5;88;85,2 // DÉFECTUEUX ??";2025-05-03 14:00;2025-07-28 10:00;86,33;0;0;0;0;0;0;118,6;-118,6;2025-06-17;08:35:01;"AG;AP";124,3;-124,3;2025-07-28;08:40:01;"AG;AP";NA;NA;NA;NA;NA;NA;NA;NA;NA;NA;
22220781_20251210;47,79657;-69,50871;verified;PRO;PRO.ch1.R23.2025;PRO.ch1.R23;NA;22220781;HOBO U20L;;;NA;;;;129;;2025-05-06 14:00;2025-11-12 10:00;70,5;0;0;0;0;0;0;94,7;-94,7;2025-06-16;14:00:01;"AG;AP";97,5;-97,5;2025-07-28;10:34:01;"AG;AP";139,5;-139,5;2025-10-07;09:39:00;AG;93;-93;2025-11-12;09:09:00;AG;
22224386_20251202;47,78906;-69,50853;verified;PRO;PRO.ch1.T1grProtec.2025;PRO.ch1.T1grProtec;NA;22224386;HOBO U20L;;;NA;;;;139,5;;2025-09-19 13:00;2025-11-12 10:00;102,15;0;0;0;0;0;0;150;-150;2025-10-07;12:43:00;AG;116;-116;2025-11-12;08:16:00;AG;NA;NA;NA;NA;NA;NA;NA;NA;NA;NA;
22224407_20251202;47,79721;-69,50786;verified;PRO;PRO.ch1.T2grRefrsh.2025;PRO.ch1.T2grRefrsh;NA;22224407;HOBO U20L;;;NA;;;;119;"33""1/2 out moyenne";2025-09-19 13:00;2025-11-12 10:00;86,25;0;0;0;0;0;0;120;-120;2025-10-07;11:54:00;AG;76,5;-76,5;2025-11-12;08:29:00;AG;NA;NA;NA;NA;NA;NA;NA;NA;NA;NA;
22224396_20251202;47,79654;-69,506358;verified;PRO;PRO.ch1.T3chippd.2025;PRO.ch1.T3chippd;NA;22224396;HOBO U20L;;;NA;;;;99,3;39 et 5/16.. ;2025-10-09 15:30;2025-11-12 10:00;49,17;0;0;0;0;0;0;66,5;-66,5;2025-11-12;08:38:00;AG;NA;NA;NA;NA;NA;NA;NA;NA;NA;NA;NA;NA;NA;NA;NA;
22224406_20260120;47,62258;-64,83002;pending_approbation;INK;INK.ch2.pasMareC2.p7m.2025;INK.ch2.pasMareC2;NA;22224406;HOBO U20L;;;NA;;;NA;235,2;;2025-05-28 10:00;2025-11-13 11:00;66,4;;;;;;;121;-121;2025-07-21;12:29:01;AP;122,5;-122,5;2025-11-13;09:40:00;AG;;0;;;;;0;;;;
20573974_20250106;47,62546;-64,81953;approbed;INK;INK.ch2.EA.m4m.2024;INK.ch2.EA;;20573974;HOBO U20;;;NA;;;;158,2;selon données papier / si les autres données de J:G avaient 15,8 cm de différence avec ma mesure de fil, j'ai enlevé 15,8 à cette mesure aussi. Pas remesuré car fil coupé par Benoît lors du changement de puits;2024-07-08 08:00;2024-07-25 14:00;64,3;0;0;0;0;0;0;176;-176;2024-07-08;09:00:01;JLG;NA;NA;NA;NA;NA;NA;NA;NA;NA;NA;NA;NA;NA;NA;NA;
20853328_20250106;47,62543;-64,81951;approved;INK;INK.ch2.EA.m4m.2024;INK.ch2.EA;34;20853328;HOBO U20;;;NA;;;;142,1;"Selon courriel de Benoît, 29 juillet 2024. Pas besoin de couper pour rabattement de la nappe; puis installé 3 jours avant remise du LL.";2024-07-29 10:00;2024-11-19 10:00;29,8;0;0;0;0;0;0;133,4;-133,4;2024-07-29;10:00:01;BSH;76;-76;2024-11-19;09:00:01;AG;NA;NA;NA;NA;NA;NA;NA;NA;NA;NA;
20853328_20250106;47,62543;-64,81951;corrected;INK;INK.ch2.EA.m4m.2024;INK.ch2.EA;34;20853328;HOBO U20;;;NA;;;;170,7;données incorrigible : très mal prise // si je mets le offset du bulleur, ça convient pour la séquence du reste de l'été…;2024-07-06 11:00;2024-07-25 13:00;93;0;0;0;0;0;0;127;-127;2024-07-06;12:00:01;JLG;NA;NA;NA;NA;NA;NA;NA;NA;NA;NA;NA;NA;NA;NA;NA;in.bulleur.1 = rejected
22220789_20250721;47,62543;-64,81951;approved;INK;INK.ch2.EA.m4m.2025;INK.ch2.EA;NA;22220789;HOBO U20L;;;NA;;;;131,3;"out 21 juil: 34,5;33,6;35,2 // depuis quand reprofilé ?? ajuster donnees";2025-05-29 07:00;2025-07-21 10:00;37,77;0;0;0;0;0;0;87,4;-87,4;2025-05-29;08:00:01;AP;101,9;-101,9;2025-07-21;08:35:01;;NA;NA;NA;NA;NA;NA;NA;NA;NA;NA;
20573974_20250106;47,62535;-64,81952;approved;INK;INK.ch2.EB.p14m.2024;INK.ch2.EB;NA;20573974;HOBO U20;;;NA;;;;139,7;"Selon courriel de Benoît (BSH), 29 juillet 2024. Pas besoin de couper pour rabattement de la nappe; puis installé 3 jours avant remise du LL.";2024-07-29 10:00;2024-11-19 10:00;15,9;0;0;0;0;0;0;103,5;-103,5;2024-07-29;10:02:01;BSH;NA;NA;NA;NA;NA;NA;NA;NA;NA;NA;NA;NA;NA;NA;NA;
22220788_20250721;47,62535;-64,81952;approved;INK;INK.ch2.EB.p14m.2025;INK.ch2.EB;NA;22220788;HOBO U20L;;;NA;;;;132;"out 21 juil: 21,8;21,5;22,2";2025-05-29 07:00;2025-07-21 10:00;20,67;0;0;0;0;0;0;78;-78;2025-05-29;08:00:01;AP;96,1;-96,1;2025-07-21;08:38:01;AP;NA;NA;NA;NA;NA;NA;NA;NA;NA;NA;
10279777_20250106;47,62517407;-64,81948424;approved;INK;INK.ch2.EC.p40m.2024;INK.ch2.EC;18;10279777;HOBO U20;;;NA;;;;155,7;Selon données papier (oui vérif 14 janv'25) / nov : + bas que 180,5 / INITIALEMENT pris en incluant la sonde. Remesuré (14 janvier).;2024-07-09 09:37;2024-11-19 10:00;62,46;0;0;0;0;0;0;NA;NA;2024-07-08;10:00:01;"JLG; nappe inacc";NA;NA;2024-11-19;09:00:01;"AG; KP; nappe inacc";NA;NA;NA;NA;NA;NA;NA;NA;NA;NA;
10279769_20250106;47,6250001;-64,81943983;approved;INK;INK.ch2.ED.p70m.2024;INK.ch2.ED;10;10279769;HOBO U20;;;NA;;;;170,7;Selon données papier ?/ INITIALEMENT pris en incluant la sonde et en n'étant pas précis au niveau du couvercle arrodi. Voir photos -> couvercle arrondi remesuré (14 janvier) au niveau de la LIGNE de moulage bien visible.;2024-07-06 12:00;2024-11-19 10:00;68,25;0;0;0;0;0;0;113;-113;2024-07-06;13:00:01;JLG;NA;NA;NA;NA;NA;NA;NA;NA;NA;NA;NA;NA;NA;NA;NA;
22224413_20250721;47,62309;-64,83198;approved;INK;INK.ch2.MareA1.m1m.2025;INK.ch2.MareA1;NA;22224413;HOBO U20L;;;NA;;;;99,7;"out 21 juill 30,2;29;31,5";2025-05-30 09:00;2025-07-21 13:00;27,2;0;0;0;0;0;0;95,5;-95,5;2025-07-21;11:28:01;AP;NA;NA;NA;NA;NA;NA;NA;NA;NA;NA;NA;NA;NA;NA;NA;
22224393_20251210;47,62295;-64,83207;verified;INK;INK.ch2.MareA1.p14m.2025;INK.ch2.MareA1;NA;22224393;HOBO U20L;;;NA;;;;221,6;;2025-05-29 09:00;2025-11-13 12:00;46,8;0;0;0;0;0;0;124,6;-124,6;2025-05-29;09:00:01;AP;159,7;-159,7;2025-07-21;13:24:01;AP;163,5;-163,5;2025-11-13;10:22:00;AG;NA;NA;NA;NA;NA;
22220782_20251202;47,62281;-64,83215;verified;INK;INK.ch2.MareA1.p30m.2025;INK.ch2.MareA1;NA;22220782;HOBO U20L;;;NA;;;;137,2;;2025-05-29 09:00;2025-11-13 12:00;34,8;0;0;0;0;0;0;70,9;-70,9;2025-05-29;09:00:01;AP;109,5;-109,5;2025-07-21;13:20:01;AP;109;-109;2025-11-13;10:24:00;AG;NA;NA;NA;NA;NA;
22220791_20251125;47,62297;-64,83202;verified;INK;INK.ch2.MareA1.p7m.2025;INK.ch2.MareA1;NA;22220791;HOBO U20L;;;NA;;;;135;;2025-05-30 09:00;2025-11-13 12:00;33,8;0;0;0;0;0;0;95,5;-95,5;2025-07-21;14:54:01;AP;77,75;-77,75;2025-11-13;10:19:00;AG;NA;NA;NA;NA;NA;NA;NA;NA;NA;NA;
22224386_20250721;47,62328;-64,8326;approved;INK;INK.ch2.MareA2.m1m.2025;INK.ch2.MareA2;NA;22224386;HOBO U20L;;;NA;;;;140,1;"out 21 juill 36,4;37,8;38,7";2025-05-30 10:00;2025-07-21 14:00;34,8;0;0;0;0;0;0;94,2;-94,2;2025-07-21;12:57:01;AP;NA;NA;NA;NA;NA;NA;NA;NA;NA;NA;NA;NA;NA;NA;NA;
22063139_20251210;47,62317;-64,83273;verified;INK;INK.ch2.MareA2.p14m.2025;INK.ch2.MareA2;NA;22063139;HOBO U20L;;;NA;;;;236,5;;2025-05-29 09:00;2025-11-13 11:00;55,6;0;0;0;0;0;0;156,3;-156,3;2025-07-21;15:04:01;AP;149;-149;2025-11-13;09:28:00;AG;NA;NA;NA;NA;NA;NA;NA;NA;NA;NA;
22220790_20251210;47,62299;-64,83279;verified;INK;INK.ch2.MareA2.p30m.2025;INK.ch2.MareA2;NA;22220790;HOBO U20L;;;NA;;;;137,7;;2025-05-29 10:00;2025-11-13 11:00;36,3;0;0;0;0;0;0;111,5;-111,5;2025-07-21;15:07:01;AP;103,5;-103,5;2025-11-13;09:28:00;AG;NA;NA;NA;NA;NA;NA;NA;NA;NA;NA;
22224411_20251202;47,62318;-64,83266;verified;INK;INK.ch2.MareA2.p7m.2025;INK.ch2.MareA2;NA;22224411;HOBO U20L;;;NA;;;;136,9;;2025-05-30 10:00;2025-11-13 11:00;39,1;0;0;0;0;0;0;71,5;-71,5;2025-07-21;15:01:01;AP;83;-83;2025-11-13;09:34:00;AG;;0;;;;NA;NA;NA;NA;NA;
22220785_20250527;47,62268;-64,83086;approved;INK;INK.ch2.MareC1.p7m.2025;INK.ch2.MareC1;NA;22220785;HOBO U20L;;;NA;;;;137,6;;2025-05-18 10:00;2025-05-26 11:00;21,5;0;0;0;0;0;0;54;-54;2025-05-21;13:00:01;AG;NA;NA;NA;NA;NA;NA;NA;NA;NA;NA;NA;NA;NA;NA;NA;
22063139_20250522;47,6232;-64,8319;approved;INK;INK.ch2.MareD1_A1.m9,8m.pre;INK.ch2.MareD1_A1;NA;22063139;HOBO U20;;;NA;;;;99,25;enlevé pour travaux, vieux puits ancien de Benoît;2025-05-13 10:00;2025-05-22 11:00;48,2;0;0;0;0;0;0;81,5;-81,5;2025-05-15;09:00:01;AG;NA;NA;NA;NA;NA;NA;NA;NA;NA;NA;NA;NA;NA;NA;NA;
22224408_20251202;47,62297;-64,83154;verified;INK;INK.ch2.MareD1.m1m.2025;INK.ch2.MareD1;NA;22224408;HOBO U20L;;;NA;;;;88,3;;2025-05-31 11:00;2025-11-13 12:00;25,8;0;0;0;0;0;0;85,5;-85,5;2025-07-21;13:01:01;AP;59;-59;2025-11-13;10:17:00;AG;NA;NA;NA;NA;NA;NA;NA;NA;NA;NA;
22224397_20251202;47,62279;-64,83162;verified;INK;INK.ch2.MareD1.p14m.2025;INK.ch2.MareD1;NA;22224397;HOBO U20L;;;NA;;;;229,8;;2025-05-31 11:00;2025-11-13 12:00;60,2;0;0;0;0;0;0;140,7;-140,7;2025-07-21;13:10:01;AP;134,5;-134,5;2025-11-13;11:04:00;AG;NA;NA;NA;NA;NA;NA;NA;NA;NA;NA;
22224395_20251210;47,6227;-64,8317;verified;INK;INK.ch2.MareD1.p30m.2025;INK.ch2.MareD1;NA;22224395;HOBO U20L;;;NA;;;;137,1;;2025-05-29 08:00;2025-11-13 11:00;39,5;0;0;0;0;0;0;115,1;-115,1;2025-07-21;13:16:01;AP;133;-133;2025-11-13;09:57:00;AG;NA;NA;NA;NA;NA;NA;NA;NA;NA;NA;
22224403_20251202;47,62287;-64,83156;verified;INK;INK.ch2.MareD1.p7m.2025;INK.ch2.MareD1;NA;22224403;HOBO U20L;;;NA;;;;209,3;;2025-05-31 11:00;2025-11-13 12:00;89,8;0;0;0;0;0;0;115,5;-115,5;2025-07-21;13:05:01;AP;112,5;-112,5;2025-11-13;11:06:00;AG;NA;NA;NA;NA;NA;NA;NA;NA;NA;NA;
22195243_20251210;47,62345;-64,83318;verified;INK;INK.ch2.MareD2.m1m.2025;INK.ch2.MareD2;NA;22195243;HOBO U20L;;;NA;;;;134,1;;2025-05-31 10:00;2025-11-13 12:00;26,8;0;0;0;0;0;0;76;-76;2025-07-21;15:22:01;AP;44;-44;2025-11-13;10:48:00;AG;NA;NA;NA;NA;NA;NA;NA;NA;NA;NA;
22224400_20251202;47,62334;-64,83323;verified;INK;INK.ch2.MareD2.p14m.2025;INK.ch2.MareD2;NA;22224400;HOBO U20L;;;NA;;;;167;Présence boue dans puits. ;2025-05-31 10:00;2025-11-13 12:00;42,07;0;0;0;0;0;0;84,4;-84,4;2025-07-21;15:16:01;AP;89;-89;2025-11-13;10:44:00;AG;NA;NA;NA;NA;NA;NA;NA;NA;NA;NA;
22224390_20251202;47,62315;-64,83332;verified;INK;INK.ch2.MareD2.p30m.2025;INK.ch2.MareD2;NA;22224390;HOBO U20L;;;NA;;;;143;;2025-05-29 10:00;2025-11-13 12:00;29,8;0;0;0;0;0;0;83,3;-83,3;2025-05-29;09:00:01;AP;108,2;-108,2;2025-07-21;15:12:01;AP;135,5;-135,5;2025-11-13;10:39:00;AG;NA;NA;NA;NA;NA;
22063140_20251202;47,62337;-64,83321;verified;INK;INK.ch2.MareD2.p7m.2025;INK.ch2.MareD2;NA;22063140;HOBO U20L;;;NA;;;;135,2;;2025-05-31 10:00;2025-11-13 12:00;28,8;0;0;0;0;0;0;70,6;-70,6;2025-07-21;15:19:01;AP;61;-61;2025-11-13;10:47:00;AG;NA;NA;NA;NA;NA;NA;NA;NA;NA;NA;
22195240_20251210;47,62294;-64,82822;verified;INK;INK.ch2.pasMareA1.m1m.2025;INK.ch2.pasMareA1;NA;22195240;HOBO U20L;;;NA;;;;138;;2025-05-24 11:00;2025-11-13 11:00;20,6;0;0;0;0;0;0;19;-19;2025-05-26;08:00:01;AP;70,8;-70,8;2025-07-21;11:12:01;AP;49,5;-49,5;2025-11-13;09:04:00;AG;NA;NA;NA;NA;NA;
22224387_20251210;47,62276;-64,82818;verified;INK;INK.ch2.pasMareA1.p14m.2025;INK.ch2.pasMareA1;NA;22224387;HOBO U20L;;;NA;;;;238;;2025-05-30 08:00;2025-11-13 10:00;36,9;0;0;0;0;0;0;154,2;-154,2;2025-07-21;11:15:01;AP;162,5;-162,5;2025-11-13;08:47:00;AG;NA;NA;NA;NA;NA;NA;NA;NA;NA;NA;
22224399_20251210;47,62262;-64,82816;verified;INK;INK.ch2.pasMareA1.p30m.2025;INK.ch2.pasMareA1;NA;22224399;HOBO U20L;;;NA;;;;128,2;;2025-05-29 07:00;2025-11-13 10:00;27;0;0;0;0;0;0;46,8;-46,8;2025-05-29;08:00:01;AP;76,8;-76,8;2025-07-21;11:18:01;AP;75;-75;2025-11-13;08:52:00;AG;NA;NA;NA;NA;NA;
22224388_20251210;47,62276;-64,82827;verified;INK;INK.ch2.pasMareA1.p7m.2025;INK.ch2.pasMareA1;NA;22224388;HOBO U20L;;;NA;;;;136,7;;2025-05-30 08:00;2025-11-13 11:00;32,9;0;0;0;0;0;0;100;-100;2025-07-21;11:13:01;AP;106,5;-106,5;2025-11-13;10:02:00;AG;NA;NA;NA;NA;NA;NA;NA;NA;NA;NA;
22220786_20251202;47,62269;-64,82948;verified;INK;INK.ch2.pasMareA2.m1m.2025;INK.ch2.pasMareA2;NA;22220786;HOBO U20L;;;NA;;;;137,5;;2025-05-25 10:00;2025-11-13 11:00;18,1;0;0;0;0;0;0;16;-16;2025-05-26;09:00:01;AP;57,4;-57,4;2025-07-21;11:47:01;AP;29,5;-29,5;2025-11-13;09:19:00;AG;NA;NA;NA;NA;NA;
22224391_20251210;47,6226;-64,82939;verified;INK;INK.ch2.pasMareA2.p14m.2025;INK.ch2.pasMareA2;NA;22224391;HOBO U20L;;;NA;;;;290,1;;2025-05-29 08:00;2025-11-13 11:00;76,4;0;0;0;0;0;0;185,7;-185,7;2025-05-29;09:00:01;AP;218,2;-218,2;2025-07-21;11:51:01;AP;244;-244;2025-11-13;09:21:00;AG;NA;NA;NA;NA;NA;
22224410_20251125;47,6225;-64,82941;verified;INK;INK.ch2.pasMareA2.p30m.2025;INK.ch2.pasMareA2;NA;22224410;HOBO U20L;;;NA;;;;145,5;;2025-05-29 08:00;2025-11-13 11:00;37;0;0;0;0;0;0;64,2;-64,2;2025-05-29;09:00:01;AP;112,2;-112,2;2025-07-21;11:55:01;AP;107,5;-107,5;2025-11-13;09:19:00;AG;NA;NA;NA;NA;NA;
22063142_20251210;47,62264;-64,82943;verified;INK;INK.ch2.pasMareA2.p7m.2025;INK.ch2.pasMareA2;NA;22063142;HOBO U20L;;;NA;;;;140,6;;2025-05-25 10:00;2025-11-13 11:00;15,9;0;0;0;0;0;0;21,5;-21,5;2025-05-26;09:00:01;AP;65,5;-65,5;2025-07-21;11:43:01;AP;66;-66;2025-11-13;09:21:00;AG;NA;NA;NA;NA;NA;
22224412_20251210;47,6227;-64,83005;verified;INK;INK.ch2.pasMareC2.m1m.2025;INK.ch2.pasMareC2;NA;22224412;HOBO U20L;;;NA;;;;142;;2025-05-10 10:00;2025-11-13 11:00;29,5;0;0;0;0;0;0;68;-68;2025-05-12;14:00:01;"AG;AP";52,5;-52,5;2025-07-21;12:25:01;AG;44;-44;2025-11-13;09:45:00;AG;NA;NA;NA;NA;NA;
22224389_20251210;47,62256;-64,83001;verified;INK;INK.ch2.pasMareC2.p14m.2025;INK.ch2.pasMareC2;NA;22224389;HOBO U20L;;;NA;;;;241,2;;2025-05-29 08:00;2025-11-13 11:00;36,7;0;0;0;0;0;0;140,3;-140,3;2025-05-29;09:00:01;AP;166,8;-166,8;2025-07-21;12:34:01;AP;179,75;-179,75;2025-11-13;09:38:00;AG;NA;NA;NA;NA;NA;
22224414_20251210;47,62243;-64,83;verified;INK;INK.ch2.pasMareC2.p30m.2025;INK.ch2.pasMareC2;NA;22224414;HOBO U20L;;;NA;;;;134,5;;2025-05-29 08:00;2025-11-13 11:00;25,6;0;0;0;0;0;0;52,5;-52,5;2025-05-29;09:00:01;AP;100,9;-100,9;2025-07-21;12:39:01;AP;94;-94;2025-11-13;09:32:00;AG;NA;NA;NA;NA;NA;
22195241_20250721;47,62281;-64,82873;approved;INK;INK.ch2.pasMareD1.m1m.2025;INK.ch2.pasMareD1;NA;22195241;HOBO U20L;;;NA;;;;142,75;"ok pas etiquette, out 21 juill 47;47,7;46,8 / fil remesuré 27 janv. 2026, anciennement écrit 143,9 cm";2025-05-25 14:00;2025-07-21 11:00;44;0;0;0;0;0;0;54,5;-54,5;2025-05-26;08:00:01;AP;103,3;-103,3;2025-07-21;10:27:01;NA;NA;NA;NA;NA;NA;NA;NA;NA;NA;NA;
22195242_20251210;47,62265;-64,82872;verified;INK;INK.ch2.pasMareD1.p14m.2025;INK.ch2.pasMareD1;NA;22195242;HOBO U20L;;;NA;;;;231,2;bulleur 2 changé pour -160 à place de -60;2025-05-28 09:00;2025-11-13 11:00;62,2;0;0;0;0;0;0;139,5;-139,5;2025-05-29;08:00:01;AP;161,5;-161,5;2025-07-21;11:34:01;AP;164,75;-164,75;2025-11-13;10:10:00;AG;NA;NA;NA;NA;NA;
22224394_20251210;47,62257;-64,82867;verified;INK;INK.ch2.pasMareD1.p30m.2025;INK.ch2.pasMareD1;NA;22224394;HOBO U20L;;;NA;;;;133,6;;2025-05-29 07:00;2025-11-13 11:00;19,4;0;0;0;0;0;0;46,2;-46,2;2025-05-29;08:00:01;AP;80,5;-80,5;2025-07-21;11:38:01;AP;91,25;-91,25;2025-11-13;09:10:00;AG;NA;NA;NA;NA;NA;
22220784_20251210;47,62273;-64,82871;verified;INK;INK.ch2.pasMareD1.p7m.2025;INK.ch2.pasMareD1;oups 0874 erreur pré 10 déc. 2025, mais éliminé toute autre possibilité;22220784;HOBO U20L;;;NA;;;;143,1;;2025-05-28 09:00;2025-11-13 11:00;45,8;0;0;0;0;0;0;65;-65;2025-05-29;08:00:01;AP;111,6;-111,6;2025-07-21;11:32:01;AP;102,5;-102,5;2025-11-13;09:08:00;AG;NA;NA;NA;NA;NA;
22224392_20251210;47,62304;-64,82764;verified;INK;INK.ch2.pasMareD2.m1m.2025;INK.ch2.pasMareD2;NA;22224392;HOBO U20L;;;NA;;;;139,8;mesure bulleur 2 impacté prise de données sonde à11h?;2025-05-24 14:00;2025-11-13 10:00;30,5;0;0;0;0;0;0;33,5;-33,5;2025-05-26;09:00:01;AP;93,5;-93,5;2025-07-21;11:00:01;AP;58,25;-58,25;2025-11-13;08:40:00;AG;NA;NA;NA;NA;NA;
22224409_20251210;47,62283;-64,82758;verified;INK;INK.ch2.pasMareD2.p14m.2025;INK.ch2.pasMareD2;NA;22224409;HOBO U20L;;;NA;;;;236,7;;2025-05-30 08:00;2025-11-13 10:00;42,5;0;0;0;0;0;0;126;-126;2025-07-21;11:04:01;"AP;AG";110;-110;2025-11-13;08:47:00;AG;NA;NA;NA;NA;NA;NA;NA;NA;NA;NA;
22220785_20251210;47,62269;-64,82758;verified;INK;INK.ch2.pasMareD2.p30m.2025;INK.ch2.pasMareD2;NA;22220785;HOBO U20L;;;NA;;;;137,6;"etiquette erronee, out 21 juill 34;31,6;33,4";2025-05-30 08:00;2025-11-13 10:00;30,7;0;0;0;0;0;0;89,9;-89,9;2025-07-21;11:08:01;"AP;AG";77,5;-77,5;2025-11-13;08:47:00;AG;NA;NA;NA;NA;NA;NA;NA;NA;NA;NA;
22063159_20251210;47,62286;-64,82763;verified;INK;INK.ch2.pasMareD2.p7m.2025;INK.ch2.pasMareD2;NA;22063159;HOBO U20L;;;NA;;;;141,7;;2025-05-28 09:00;2025-11-13 10:00;36,4;0;0;0;0;0;0;79,9;-79,9;2025-05-29;08:00:01;AP;95,2;-95,2;2025-07-21;11:01:01;AP;76,5;-76,5;2025-11-13;08:40:00;AG;NA;NA;NA;NA;NA;
41372_20241125;NA;NA;approved;STH;STH.ch2.A2.10m.2024;STH.ch2.A2;41383;41372;ODYSSEY;-800;1511;-200;2439;-489,0086207;1992;80;;2024-06-13 15:00;2024-11-14 11:00;17,4;0;0;0;0;0;0;53;-53;2024-11-14;10:00:01;NA;NA;NA;NA;NA;NA;NA;NA;NA;NA;NA;NA;NA;NA;NA;NA;
41379_20241125;NA;NA;approved;STH;STH.ch2.A2.30m.2024;STH.ch2.A2;NA;41379;ODYSSEY;-800;1662;-200;2742;-448,3333333;2295;80;;2024-06-13 15:00;2024-11-14 11:00;22,27;0;0;0;0;0;0;47,5;-47,5;2024-11-14;10:00:01;NA;NA;NA;NA;NA;NA;NA;NA;NA;NA;NA;NA;NA;NA;NA;NA;
41361_20241125;NA;NA;rejected;STH;STH.ch2.A2.7m.2024;STH.ch2.A2;NA;41361;ODYSSEY;-800;1747;-200;2991;;;80;Pris l'eau ? En tk dessicant mouillé;NA;NA;28,53;0;0;0;0;0;0;55,8;-55,8;2024-11-14;10:00:01;AP;NA;NA;NA;NA;NA;NA;NA;NA;NA;NA;NA;NA;NA;NA;NA;
41376_20241125;NA;NA;rejected;STH;STH.ch2.A2.m1m.2024;STH.ch2.A2;NA;41376;ODYSSEY;-800;1647;-200;2749;;;80;Pris l'eau;NA;NA;28,6;0;0;0;0;0;0;36;-36;2024-11-14;10:00:01;NA;NA;NA;NA;NA;NA;NA;NA;NA;NA;NA;NA;NA;NA;;NA;
42565_20241125;NA;NA;approved;STH;STH.ch2.C.10m.2024;STH.ch2.C;NA;42565;ODYSSEY;-1400;1858;-200;3693;-428,2288828;3344;140;;2024-06-13 15:00;2024-11-14 11:00;22,73;0;0;0;0;0;0;46;-46;2024-11-14;10:00:01;NA;NA;NA;NA;NA;NA;NA;NA;NA;NA;NA;NA;NA;NA;NA;NA;
42564_20241125;NA;NA;approved;STH;STH.ch2.C.30m.2024;STH.ch2.C;NA;42564;ODYSSEY;-1400;1848;-200;3691;-1930,005426;1034;140;;2024-06-13 15:00;2024-11-14 11:00;33,27;0;0;0;0;0;0;53,9;-53,9;2024-11-14;10:00:01;NA;NA;NA;NA;NA;NA;NA;NA;NA;NA;NA;NA;NA;NA;NA;NA;
42566_20241125;NA;NA;approved;STH;STH.ch2.C.7m.2024;STH.ch2.C;NA;42566;ODYSSEY;-1400;1846;-200;3682;-660,130719;2978;140;OUI, c'est la bonne mesure;2024-06-23 15:00;2024-11-14 11:00;21,2;0;0;0;0;0;0;71,5;-71,5;2024-11-14;10:00:01;;NA;NA;NA;NA;NA;NA;NA;NA;NA;NA;NA;NA;NA;NA;NA;
41359_20241125;NA;NA;approved;STH;STH.ch2.C.m1m.2024;STH.ch2.C;NA;41359;ODYSSEY;-800;1748;-200;3000;-271,4057508;2851;80;;2024-06-13 15:00;2024-11-14 11:00;30,53;0;0;0;0;0;0;25,5;-25,5;2024-11-14;10:00:01;NA;NA;NA;NA;NA;NA;NA;NA;NA;NA;NA;NA;NA;NA;NA;NA;
41387_20251128;46,70589;-71,06369;rejected;STH;STH.ch2.C.m1m.2025;STH.ch2.C;;41387;ODYSSEY;-800;1645;-200;2755;;;80;N'a pas enregistré de données…;2025-05-03 17:00;2025-11-27 10:00;23,2;0;0;0;0;0;0;24,3;-24,3;2025-07-30;14:57:01;"AG;AP";35,5;-35,5;2025-09-18;15:40:00;AG;33;-33;2025-10-16;12:09:00;AG;24;-24;2025-11-27;09:20:00;AG;
41360_20251128;46,70576;-71,06384;pending_approbation;STH;STH.ch2.C.p14m.2025;STH.ch2.C;shannon_010 (2025);41360;ODYSSEY;-800;1541;-200;2461;;;80;;2025-05-03 17:00;2025-11-27 13:00;16,2;0;0;0;0;0;0;46;-46;2025-07-30;14:20:01;"AG;AP";91;-91;2025-09-18;15:40:00;AG;41,5;-41,5;2025-11-27;09:53:00;AG;NA;NA;NA;NA;NA;
41378_20251128;46,70583;-71,06376;verified;STH;STH.ch2.C.p2,5m.2025;STH.ch2.C;;41378;ODYSSEY;-800;1787;-200;3056;;;80;archive out :  56,4  (??) // 27 nov zip level (vs sol du puits m1m) = 27,2 cm // N'a pas enregistré de données… // 41376 erroné, c'était 41378 tout le long OUI CHANGÉ 14 janvier 2026 // CANAL LUI (27 nov 2025);2025-05-03 17:00;2025-11-27 11:00;27,2;0;0;0;0;0;0;21,5;-21,5;2025-07-30;14:53:01;"AG;AP";47;-47;2025-09-18;15:15:00;AG;18,5;-18,5;2025-11-27;10:00:00;AG;29,75;-29,75;2025-10-16;12:15:00;AG;
41362_20251128;46,70571;-71,06399;pending_approbation;STH;STH.ch2.C.p28m.2025;STH.ch2.C;;41362;ODYSSEY;-800;1650;-200;2742;;;80;?? je suis mélangée ?? mesuré ~17;2025-05-03 17:00;2025-11-27 13:00;25,7;0;0;0;0;0;0;54,8;-54,8;2025-07-30;14:32:01;"AG;AP";78;-78;2025-09-18;15:40:00;AG;45,5;-45,5;2025-11-27;12:00:00;AG;NA;NA;NA;NA;NA;
42566_20251128;46,7058;-71,06382;pending_approbation;STH;STH.ch2.C.p6,75m.2025;STH.ch2.C;shannon_006;42566;ODYSSEY;-1400;1829;-200;3711;;;140;;2025-05-03 17:00;2025-11-27 14:00;9,3;0;0;0;0;0;0;65,5;-65,5;2025-07-30;14:08:01;"AG;AP";NA;NA;2025-09-18;15:40:00;AG;52,5;-52,5;2025-11-27;12:45:01;AG;NA;NA;NA;NA;NA;
42565_20251128;46,70583;-71,06375;pending_approbation;STH;STH.ch2.C.p6m.2025;STH.ch2.C;;42565;ODYSSEY;-1400;1846;-200;3704;;;140;nappe tombée en dessous longtemps !;2025-05-03 17:00;2025-11-27 13:00;17;0;0;0;0;0;0;76,8;-76,8;2025-07-30;14:05:01;"AG;AP";104,5;-104,5;2025-09-18;15:40:00;AG;70,5;-70,5;2025-11-27;11:38:01;AG;NA;NA;NA;NA;NA;
42562_20251128;46,70578;-71,06386;pending_approbation;STH;STH.ch2.C.p7,75m.2025;STH.ch2.C;shannon_001;42562;ODYSSEY;-1400;1844;-200;3682;;;140;out le 27 nov : ~24,5 ??? // nappe tombée en dessous longtemps !//photo 1559 depius quand ? diff =  8,5cm;2025-05-03 17:00;2025-11-27 13:00;13,2;0;0;0;0;0;0;55,3;-55,3;2025-07-30;14:13:01;"AG;AP";85;-85;2025-09-18;15:40:00;AG;45;-45;2025-11-27;11:42:00;AG;NA;NA;NA;NA;NA;
42563_20251203;46,70581;-71,0638;verified;STH;STH.ch2.C.p9m.2025;STH.ch2.C;41362_100 et shannon_003;42563;ODYSSEY;-1400;1858;-200;3696;;;140;;2025-05-03 17:00;2025-11-27 13:00;16,5;0;0;0;0;0;0;52;-52;2025-07-30;14:26:01;"AG;AP";79,5;-79,5;2025-09-18;15:40:00;AG;39,5;-39,5;2025-11-27;11:48:00;AG;NA;NA;NA;NA;NA;
22220787_20251128;46,70617;-71,06416;verifed;STH;STH.ch2.D2.m1m_bis.2025;STH.ch2.D2;;22220787;HOBO U20L;;;NA;;;;188;Pour valider les mesures des ODYSSEY / out 27 nov. 2025 = 28cm moyenne;2025-05-03 17:00;2025-11-27 11:00;28,6;0;0;0;0;0;0;33,5;-33,5;2025-07-30;13:42:01;"AG;AP";53,5;-53,5;2025-09-18;15:15:00;AG;48;-48;2025-10-16;11:25:00;AG;30;-30;2025-11-27;09:12:00;AG;
41379_20251203;46,70606;-71,06422;verified;STH;STH.ch2.D2.p10,5m.2025;STH.ch2.D2;;41379;ODYSSEY;-800;1641;-200;2759;;;80;* SONDE SUR TY-WRAP = +5cm - 5 mai tywrap sur haut tuyau à  ligne noire / 30 juillet: embout tro petit pas installe tjrs sur tywrap/ CHANGER EN JUIN, REFAIRE 3 LIGNES DE CALIBRATION / # photo 0614 //pourquoi mesuré 18/19 cm out le 27 nov ?;2025-05-03 17:00;2025-11-27 10:00;12,5;0;0;0;0;0;0;50,3;-50,3;2025-07-30;10:15:01;"AG;AP";79,5;-79,5;2025-09-18;15:15:00;AG;81,5;-81,5;2025-10-16;11:32:00;AG;44,5;-44,5;2025-11-27;08:33:00;AG;
41374_20251128;46,70606;-71,06432;pending_approbation;STH;STH.ch2.D2.p15m.2025;STH.ch2.D2;shannon_011 (2025);41374;ODYSSEY;-800;1756;-200;2964;;;80;CORRIGE 31 JUILLET 2025 // constante de correction de la profondeur nappe (+5,25+5,7) = 10,95 cm  // voir commentaire complet sonde 25m * SONDE SUR TY-WRAP = +5,25cm ligne noire a ty wrap- tuyau et 5,7 cm ligne noire-haut gris a tuyau / CHANGER EN JUIN, REFAIRE 3 LIGNES DE CALIBRATION / # photo 0614;2025-05-03 17:00;2025-07-30 10:00;14;0;0;0;0;0;0;50,5;-50,5;2025-07-30;08:43:01;"AG;AP";NA;NA;NA;NA;NA;NA;NA;NA;NA;NA;NA;NA;NA;NA;NA;
41374_20251128;46,70606;-71,06432;pending_approbation;STH;STH.ch2.D2.p15m.2025;STH.ch2.D2;shannon_011 (2025);41374;ODYSSEY;-800;1756;-200;2964;;;80;CORRIGE 31 JUILLET 2025 // constante de correction de la profondeur nappe (+5,25+5,7) = 10,95 cm  // voir commentaire complet sonde 25m * SONDE SUR TY-WRAP = +5,25cm ligne noire a ty wrap- tuyau et 5,7 cm ligne noire-haut gris a tuyau / CHANGER EN JUIN, REFAIRE 3 LIGNES DE CALIBRATION / # photo 0614;2025-07-30 11:00;2025-11-27 11:00;23,5;0;0;0;0;0;0;50,5;-50,5;2025-07-30;09:43:01;"AG;AP";85,5;-85,5;2025-09-18;15:15:00;AG;82;-82;2025-10-16;11:12:00;AG;42,75;-42,75;2025-11-27;09:40:00;AG;
41370_20251203;46,70612;-71,06413;verified;STH;STH.ch2.D2.p2,5m.2025;STH.ch2.D2;;41370;ODYSSEY;-800;1630;-200;2730;;;80;2,5 m relatif à la crête dans le cas de STH // s'est arrêtée nowhere le 16 octobre…;2025-05-03 17:00;2025-11-27 10:00;28,6;0;0;0;0;0;0;34,8;-34,8;2025-07-30;13:44:01;"AG;AP";42;-42;2025-10-16;11:30:00;AG;27,5;-27,5;2025-11-27;08:17:00;AG;NA;NA;NA;NA;NA;
41384_20251203;46,70613;-71,06422;verified;STH;STH.ch2.D2.p4,5m.2025;STH.ch2.D2;shannon_008;41384;ODYSSEY;-800;1510;-200;2443;;;80;;2025-05-03 17:00;2025-11-27 10:00;22,8;0;0;0;0;0;0;55,6;-55,6;2025-07-30;13:47:01;"AG;AP";64,5;-64,5;2025-09-18;15:15:00;AG;64;-64;2025-10-16;11:25:00;AG;45,5;-45,5;2025-11-27;09:19:00;AG;
41382_20251203;46,70609;-71,0642;rejected (problems);STH;STH.ch2.D2.p6m.2025;STH.ch2.D2;Shannon_009;41382;ODYSSEY;-800;1536;-200;2465;;;80;;2025-05-03 17:00;2025-11-27 10:00;18,3;0;0;0;0;0;0;48,5;-48,5;2025-07-30;13:48:01;"AG;AP";74;-74;2025-09-18;15:15:00;AG;71;-71;2025-10-16;11:32:00;AG;33,25;-33,25;2025-11-27;09:24:00;AG;
41359_20251203;46,70609;-71,06419;verified;STH;STH.ch2.D2.p8m.2025;STH.ch2.D2;;41359;ODYSSEY;-800;1726;-200;2963;;;80;;2025-05-03 17:00;2025-11-27 10:00;16,8;0;0;0;0;0;0;38;-38;2025-07-30;13:49:01;"AG;AP";67,5;-67,5;2025-09-18;15:15:00;AG;67,75;-67,75;2025-10-16;11:33:00;AG;23,75;-23,75;2025-11-27;09:25:00;AG;
42564_20251203;46,70608;-71,06423;verified;STH;STH.ch2.D2.p9m.2025;STH.ch2.D2;;42564;ODYSSEY;-1400;1839;-200;3711;;;140;;2025-05-03 17:00;2025-11-27 10:00;20;0;0;0;0;0;0;58;-58;2025-07-30;13:52:01;"AG;AP";87,5;-87,5;2025-09-18;15:15:00;AG;87,5;-87,5;2025-10-16;11:34:00;AG;48,5;-48,5;2025-11-27;09:28:00;AG;
41362_20241125;NA;NA;approved;STH;STH.ch2.D3.10m.2024;STH.ch2.D3;NA;41362;ODYSSEY;-800;1647;-200;2739;-600;2011;80;;2024-06-13 15:00;2024-11-14 11:00;28,87;0;0;0;0;0;0;63,3;-63,3;2024-11-14;10:00:01;AP;NA;NA;NA;NA;NA;NA;NA;NA;NA;NA;NA;NA;NA;NA;NA;
41366_20241125;NA;NA;approved;STH;STH.ch2.D3.30m.2024;STH.ch2.D3;NA;41366;ODYSSEY;-800;1537;-200;2435;-374,3875278;2174;80;;2024-06-13 15:00;2024-11-14 11:00;24,07;0;0;0;0;0;0;41,5;-41,5;2024-11-14;10:00:01;NA;NA;NA;NA;NA;NA;NA;NA;NA;NA;NA;NA;NA;NA;NA;NA;
41370_20241125;NA;NA;approved;STH;STH.ch2.D3.7m.2024;STH.ch2.D3;NA;41370;ODYSSEY;-800;1639;-200;2716;-415,5988858;2329;80;;2024-06-13 15:00;2024-11-14 11:00;30,53;0;0;0;0;0;0;44;-44;2024-11-14;10:00:01;NA;NA;NA;NA;NA;NA;NA;NA;NA;NA;NA;NA;NA;NA;NA;NA;
41387_20241125;NA;NA;approved;STH;STH.ch2.D3.m1m.2024;STH.ch2.D3;NA;41387;ODYSSEY;-800;1638;-200;2759;-310,793934;2552;80;;2024-06-13 15:00;2024-11-14 11:00;31,87;0;0;0;0;0;0;29;-29;2024-11-14;09:00:01;NA;NA;NA;NA;NA;NA;NA;NA;NA;NA;NA;NA;NA;NA;NA;NA;
22063156_20250721;47,62245;-64,83128;approved;INK;INK.NA.barometricStation.2025;INK.NA.barometricStation;NA;22063156;HOBO U20L;;;NA;;;;NA;"station barometrique dans MareC1 à +30m environ. #22063156 sonde. 47,62245; -64,83128. Données prises le 21-07-2025.";2025-05-26 14:00;2025-07-21 11:00;NA;NA;NA;NA;NA;NA;NA;NA;NA;NA;NA;NA;NA;NA;NA;NA;NA;NA;NA;NA;NA;NA;NA;NA;NA;NA;NA;
22063156_20251202;47,62245;-64,83128;verified;INK;INK.NA.barometricStation.2025;INK.NA.barometricStation;NA;22063156;HOBO U20L;;;NA;;;;NA;"station barometrique dans MareC1 à +30m environ. #22063156 sonde. 47,62245; -64,83128. Données prises le 21-07-2025.";2025-05-26 14:00;2025-11-13 12:00;NA;0;0;0;0;0;0;NA;NA;NA;NA;NA;NA;NA;NA;NA;NA;NA;NA;NA;NA;NA;NA;NA;NA;NA;NA;
22224401_20250723;47,17922;-65,18117;approved;BRNTC;BRNTC.NA.barometricStation.2025;BRNTC.NA.barometricStation;NA;22224401;HOBO U20L;;;NA;;;;NA;;2025-05-29 14:00;2025-07-23 07:00;NA;NA;NA;NA;NA;NA;NA;NA;NA;NA;NA;NA;NA;NA;NA;NA;NA;NA;NA;NA;NA;NA;NA;NA;NA;NA;NA;
22063138_20251202;47,62722;-64,83357;verified;INK;INK.ch3.berms.1.2025;INK.ch3.berms;NA;22063138;HOBO U20L;;;NA;;;;137;"echantillon ph ec pris, out 21 juill 50;49,5;48,7, bulleur1 pris en retirant lvlogger";2025-05-30 15:00;2025-11-13 13:00;47,5;0;0;0;0;0;0;135,8;-135,8;2025-07-21;14:17:01;"AP;AG";108,5;-108,5;2025-11-13;12:07:00;AG;NA;NA;NA;NA;NA;NA;NA;NA;NA;NA;
22063143_20251202;47,62704;-64,8336;verified;INK;INK.ch3.berms.2.2025;INK.ch3.berms;NA;22063143;HOBO U20L;;;NA;;;;155,5;bulleur 1 changé (ajouté 1 m de profondeur);2025-05-30 15:00;2025-11-13 13:00;21,5;0;0;0;0;0;0;134,6;-134,6;2025-07-21;14:09:01;"AP;AG";163;-163;2025-11-13;11:07:00;AG;NA;NA;NA;NA;NA;NA;NA;NA;NA;NA;
22195245_20251210;47,62682;-64,83363;verified;INK;INK.ch3.berms.3.2025;INK.ch3.berms;NA;22195245;HOBO U20L;;;NA;;;;141;bulleur1 pris en retirant lvlogger;2025-05-30 15:00;2025-11-13 13:00;59,2;0;0;0;0;0;0;148,1;-148,1;2025-07-21;14:15:01;"AP;AG";147,25;-147,25;2025-11-13;12:19:00;AG;NA;NA;NA;NA;NA;NA;NA;NA;NA;NA;
22195244_20250721;47,62749;-64,8191;approved;INK;INK.ch3.C_cad.1.2025;INK.ch3.C_cad;NA;22195244;HOBO U20L;;;;;;;171,1;.cad. = position caduque à partir de juillet = contrôle route déplacé à la position finale // données valides en tout temps par contre;2025-05-30 14:00;2025-07-21 09:00;51,9;0;0;0;0;0;0;187,8;-187,8;2025-07-21;07:40:01;"AG;AP";NA;NA;NA;NA;NA;NA;NA;NA;NA;NA;NA;NA;NA;NA;NA;
22195246_20251210;47,62891;-64,81193;verified;INK;INK.ch3.C.1.2025;INK.ch3.C;NA;22195246;HOBO U20L;;;NA;;;;166,6;;2025-07-26 16:00;2025-11-13 13:00;25;0;0;0;0;0;0;119,25;-119,25;2025-11-13;11:47:00;AG;NA;NA;NA;NA;NA;NA;NA;NA;NA;NA;NA;NA;NA;NA;NA;
22195246_20250721;47,62741;-64,81912;approved;INK;INK.ch3.C_cad.2.2025;INK.ch3.C_cad;NA;22195246;HOBO U20L;;;;;;;236,3;.cad. = position caduque à partir de juillet = contrôle route déplacé à la position finale // données valides en tout temps par contre;2025-05-30 14:00;2025-07-21 09:00;42;0;0;0;0;0;0;183,6;-183,6;2025-07-21;07:48:01;"AG;AP";NA;NA;NA;NA;NA;NA;NA;NA;NA;NA;NA;NA;NA;NA;NA;
22195244_20251125;47,62879;-64,812;verified;INK;INK.ch3.C.2.2025;INK.ch3.C;NA;22195244;HOBO U20L;;;NA;;;;247,3;15cm sable surface;2025-07-26 16:00;2025-11-13 13:00;50,4;0;0;0;0;0;0;171,5;-171,5;2025-11-13;11:47:00;AG;NA;NA;NA;NA;NA;NA;NA;NA;NA;NA;NA;NA;NA;NA;NA;
22195248_20250721;47,6271;-64,81913;approved;INK;INK.ch3.C_cad.3.2025;INK.ch3.C_cad;NA;22195248;HOBO U20L;;;;;;;135,3;"out 21 juill 25,4;25,6;24,7 -> depuis le 15 juin  / .cad. = position caduque à partir de juillet = contrôle route déplacé à la position finale // données valides en tout temps par contre";2025-06-23 14:00;2025-07-21 10:00;25,2;0;0;0;0;0;0;149,3;-149,3;2025-07-21;08:05:01;"AG;AP";NA;NA;NA;NA;NA;NA;NA;NA;NA;NA;NA;NA;NA;NA;NA;
22195248_20250721;47,6271;-64,81913;approved;INK;INK.ch3.C_cad.3.2025;INK.ch3.C_cad;NA;22195248;HOBO U20L;;;;;;;135,3;out orig ici / bulleur nécessaire ? mm calib que son homologue 22195248_2025 / .cad. = position caduque à partir de juillet = contrôle route déplacé à la position finale // données valides en tout temps par contre;2025-05-30 14:00;2025-06-15 10:00;49;0;0;0;0;0;0;NA;NA;NA;NA;NA;NA;NA;NA;NA;NA;NA;NA;NA;NA;NA;NA;NA;NA;NA;NA;
22195248_20251125;47,62868;-64,81202;verified;INK;INK.ch3.C.3.2025;INK.ch3.C;NA;22195248;HOBO U20L;;;NA;;;;135,3;;2025-07-26 16:00;2025-11-13 13:00;33;0;0;0;0;0;0;73;-73;2025-11-13;11:47:00;AG;NA;NA;NA;NA;NA;NA;NA;NA;NA;NA;NA;NA;NA;NA;NA;
22195247_20251210;47,62545;-64,83363;verified;INK;INK.ch3.rmvd.1.2025;INK.ch3.rmvd;NA;22195247;HOBO U20L;;;NA;;;;134,2;;2025-07-26 14:00;2025-11-13 12:00;48,6;0;0;0;0;0;0;81,5;-81,5;2025-11-13;10:57:00;AG;NA;NA;NA;NA;NA;NA;NA;NA;NA;NA;NA;NA;NA;NA;NA;
22220789_20251202;47,64523;-64,83363;verified;INK;INK.ch3.rmvd.2.2025;INK.ch3.rmvd;NA;22220789;HOBO U20L;;;NA;;;;131,2;installer juill/août;2025-07-26 14:00;2025-11-13 12:00;39,1;0;0;0;0;0;0;64,5;-64,5;2025-11-13;10:56:00;AG;NA;NA;NA;NA;NA;NA;NA;NA;NA;NA;NA;NA;NA;NA;NA;
22220788_20251202;47,62498;-64,83364;verified;INK;INK.ch3.rmvd.3.2025;INK.ch3.rmvd;NA;22220788;HOBO U20L;;;NA;;;;131,5;;2025-07-26 14:00;2025-11-13 12:00;60,6;0;0;0;0;0;0;105;-105;2025-11-13;10:54:00;AG;NA;NA;NA;NA;NA;NA;NA;NA;NA;NA;NA;NA;NA;NA;NA;
22063137_20251202;47,62712;-64,83665;verified;INK;INK.ch3.sprd.1.2025;INK.ch3.sprd;NA;22063137;HOBO U20L;;;NA;;;;138,1;"sprdd officiel=berms ancien (pré 28 mai, pré puits) / autour des puits = contaminé par minéral parfois, out 21 juil 36,4;38,1;38,5";2025-05-30 16:00;2025-11-13 13:00;37,67;0;0;0;0;0;0;133,5;-133,5;2025-07-21;14:32:01;"AP;AG";102;-102;2025-11-13;12:07:00;AG;NA;NA;NA;NA;NA;NA;NA;NA;NA;NA;
22063155_20251210;47,62696;-64,83667;verified;INK;INK.ch3.sprd.2.2025;INK.ch3.sprd;NA;22063155;HOBO U20L;;;NA;;;;180,4;sprdd officiel=berms ancien (pré 28 mai, pré puits);2025-05-30 16:00;2025-11-13 13:00;36,8;0;0;0;0;0;0;115,1;-115,1;2025-07-21;14:28:01;"AP;AG";123,5;-123,5;2025-11-13;12:07:00;AG;NA;NA;NA;NA;NA;NA;NA;NA;NA;NA;
22220783_20251202;47,62677;-64,83679;rejected;INK;INK.ch3.sprd.3.2025;INK.ch3.sprd;NA;22220783;HOBO U20L;;;NA;;;;131,2;sprdd officiel=berms ancien (pré 28 mai, pré puits) / problème sonde ??;2025-05-30 16:00;2025-11-13 13:00;20,77;0;0;0;0;0;0;110,2;-110,2;2025-07-21;14:30:01;"AP;AG";86,75;-86,75;2025-11-13;11:07:00;AG;NA;NA;NA;NA;NA;NA;NA;NA;NA;NA;